{
  "肿瘤细胞膜": {
    "bdq": 0.919880053225339,
    "bsq": 0.7391542437866101,
    "bpq": 0.6804514964307633,
    "aji": 0.699088167194906
  },
  "肿瘤细胞核": {
    "bdq": 0.8959127045870345,
    "bsq": 0.726830287175854,
    "bpq": 0.6516065953956705,
    "aji": 0.7006511638288393
  }
}