{
  "membrane": {
    "bdq": 0.919880053225339,
    "bsq": 0.7391542437866101,
    "bpq": 0.6804514964307633,
    "aji": 0.699088167194906
  },
  "nucleus": {
    "bdq": 0.8952209208492738,
    "bsq": 0.7267560715777589,
    "bpq": 0.6510244464885553,
    "aji": 0.7001395398183681
  }
}