{
  "membrane": {
    "bdq": 0.9162719116462981,
    "bsq": 0.7405224510546459,
    "bpq": 0.6790690594924773,
    "aji": 0.6982196514011909
  },
  "nucleus": {
    "bdq": 0.8869696824035868,
    "bsq": 0.7265917234056274,
    "bpq": 0.6451341535401711,
    "aji": 0.6967158628570476
  }
}