{
  "membrane": {
    "bdq": 0.9210138513534422,
    "bsq": 0.7395299488469002,
    "bpq": 0.681715586380362,
    "aji": 0.7010424857302107
  },
  "nucleus": {
    "bdq": 0.8974122582059381,
    "bsq": 0.7242851359974937,
    "bpq": 0.6503867218966245,
    "aji": 0.6979511863180109
  }
}