{
  "membrane": {
    "bdq": 0.9140485065787699,
    "bsq": 0.7409879832713078,
    "bpq": 0.677840666181897,
    "aji": 0.6981290262530683
  },
  "nucleus": {
    "bdq": 0.8888331348552745,
    "bsq": 0.7261794843976017,
    "bpq": 0.6461339713296407,
    "aji": 0.6970339054737029
  }
}