{
  "membrane": {
    "bdq": 0.9209958558202231,
    "bsq": 0.744011447086826,
    "bpq": 0.6857054787567631,
    "aji": 0.7020535016233908
  },
  "nucleus": {
    "bdq": 0.8988289307730734,
    "bsq": 0.7240696224974148,
    "bpq": 0.6511239346337659,
    "aji": 0.6951108496907047
  }
}