{
  "membrane": {
    "bdq": 0.916105413365905,
    "bsq": 0.7464416843400159,
    "bpq": 0.6843906483569412,
    "aji": 0.7048918072676648
  },
  "nucleus": {
    "bdq": 0.8960654999769145,
    "bsq": 0.7251259819794915,
    "bpq": 0.6500649700547951,
    "aji": 0.6994111482686426
  }
}